<?xml version="1.0" encoding="UTF-8"?>
<!DOCTYPE hibernate-mapping PUBLIC  
 "-//Hibernate/Hibernate Mapping DTD 3.0//EN"  
 "http://hibernate.sourceforge.net/hibernate-mapping-3.0.dtd"> 
 <hibernate-mapping>
 <class name="com.bean.Company1" table="Company">
 <id name="id" type="int" column="company_id"></id>
 <property name="com_name" type="string" column="company_name"></property>
  <property name="com_critera" type="string" column="company_critera"></property>
   <property name="com_pack" type="string" column="company_package"></property>
   <property name="com_des" type="string" column="company_designation"></property>
  
 </class>
 </hibernate-mapping>