<?xml version="1.0" encoding="UTF-8"?>

<!DOCTYPE hibernate-mapping PUBLIC  
 "-//Hibernate/Hibernate Mapping DTD 3.0//EN"  
 "http://hibernate.sourceforge.net/hibernate-mapping-3.0.dtd"> 
 <hibernate-mapping>
 <class name="com.bean.Course1" table="Course">
 <id name="id" type="int" column="course_id"></id>
 <property name="cname" type="string" column="course_name"></property>
  <property name="c_duration" type="int" column="course_duration"></property>
   <property name="c_completion" type="int" column="course_completion"></property>
 </class>
 </hibernate-mapping>